Title;Slug;miasto;miasto-odmienione;rank_math_title;rank_math_description;Content
Automatyzacja procesów biznesowych Bydgoszcz;automatyzacja-procesow-biznesowych-bydgoszcz;Bydgoszcz;Bydgoszczy;Automatyzacja procesów biznesowych, marketingowych i e-commerce Bydgoszcz;Unikalne warunki współpracy przy automatyzacji procesów Twojej firmy w Bydgoszczy. Nasze usługi automatyzacji opierają się na uczciwych zasadach.;"<!-- wp:block {""ref"":10365} /-->"
Automatyzacja procesów biznesowych Częstochowa;automatyzacja-procesow-biznesowych-czestochowa;Częstochowa;Częstochowie;Automatyzacja procesów biznesowych, marketingowych i e-commerce Częstochowa;Unikalne warunki współpracy przy automatyzacji procesów Twojej firmy w Częstochowie. Nasze usługi automatyzacji opierają się na uczciwych zasadach.;"<!-- wp:block {""ref"":10365} /-->"
Automatyzacja procesów biznesowych Gdańsk;automatyzacja-procesow-biznesowych-gdansk;Gdańsk;Gdańsku;Automatyzacja procesów biznesowych, marketingowych i e-commerce Gdańsk;Unikalne warunki współpracy przy automatyzacji procesów Twojej firmy w Gdańsku. Nasze usługi automatyzacji opierają się na uczciwych zasadach.;"<!-- wp:block {""ref"":10365} /-->"
Automatyzacja procesów biznesowych Głuchołazy;automatyzacja-procesow-biznesowych-glucholazy;Głuchołazy;Głuchołazach;Automatyzacja procesów biznesowych, marketingowych i e-commerce Głuchołazy;Unikalne warunki współpracy przy automatyzacji procesów Twojej firmy w Głuchołazach. Nasze usługi automatyzacji opierają się na uczciwych zasadach.;"<!-- wp:block {""ref"":10365} /-->"
Automatyzacja procesów biznesowych Katowice;automatyzacja-procesow-biznesowych-katowice;Katowice;Katowicach;Automatyzacja procesów biznesowych, marketingowych i e-commerce Katowice;Unikalne warunki współpracy przy automatyzacji procesów Twojej firmy w Katowicach. Nasze usługi automatyzacji opierają się na uczciwych zasadach.;"<!-- wp:block {""ref"":10365} /-->"
Automatyzacja procesów biznesowych Kędzierzyn-Koźle;automatyzacja-procesow-biznesowych-kedzierzyn-kozle;Kędzierzyn-Koźle;Kędzierzynie-Koźlu;Automatyzacja procesów biznesowych, marketingowych i e-commerce Kędzierzyn-Koźle;Unikalne warunki współpracy przy automatyzacji procesów Twojej firmy w Kędzierzynie-Koźlu. Nasze usługi automatyzacji opierają się na uczciwych zasadach.;"<!-- wp:block {""ref"":10365} /-->"
Automatyzacja procesów biznesowych Kielce;automatyzacja-procesow-biznesowych-kielce;Kielce;Kielcach;Automatyzacja procesów biznesowych, marketingowych i e-commerce Kielce;Unikalne warunki współpracy przy automatyzacji procesów Twojej firmy w Kielcach. Nasze usługi automatyzacji opierają się na uczciwych zasadach.;"<!-- wp:block {""ref"":10365} /-->"
Automatyzacja procesów biznesowych Kluczbork;automatyzacja-procesow-biznesowych-kluczbork;Kluczbork;Kluczborku;Automatyzacja procesów biznesowych, marketingowych i e-commerce Kluczbork;Unikalne warunki współpracy przy automatyzacji procesów Twojej firmy w Kluczborku. Nasze usługi automatyzacji opierają się na uczciwych zasadach.;"<!-- wp:block {""ref"":10365} /-->"
Automatyzacja procesów biznesowych Kraków;automatyzacja-procesow-biznesowych-krakow;Kraków;Krakowie;Automatyzacja procesów biznesowych, marketingowych i e-commerce Kraków;Unikalne warunki współpracy przy automatyzacji procesów Twojej firmy w Krakowie. Nasze usługi automatyzacji opierają się na uczciwych zasadach.;"<!-- wp:block {""ref"":10365} /-->"
Automatyzacja procesów biznesowych Krapkowice;automatyzacja-procesow-biznesowych-krapkowice;Krapkowice;Krapkowicach;Automatyzacja procesów biznesowych, marketingowych i e-commerce Krapkowice;Unikalne warunki współpracy przy automatyzacji procesów Twojej firmy w Krapkowicach. Nasze usługi automatyzacji opierają się na uczciwych zasadach.;"<!-- wp:block {""ref"":10365} /-->"
Automatyzacja procesów biznesowych Łódź;automatyzacja-procesow-biznesowych-lodz;Łódź;Łodzi;Automatyzacja procesów biznesowych, marketingowych i e-commerce Łódź;Unikalne warunki współpracy przy automatyzacji procesów Twojej firmy w Łodzi. Nasze usługi automatyzacji opierają się na uczciwych zasadach.;"<!-- wp:block {""ref"":10365} /-->"
Automatyzacja procesów biznesowych Lublin;automatyzacja-procesow-biznesowych-lublin;Lublin;Lublinie;Automatyzacja procesów biznesowych, marketingowych i e-commerce Lublin;Unikalne warunki współpracy przy automatyzacji procesów Twojej firmy w Lublinie. Nasze usługi automatyzacji opierają się na uczciwych zasadach.;"<!-- wp:block {""ref"":10365} /-->"
Automatyzacja procesów biznesowych Namysłów;automatyzacja-procesow-biznesowych-namyslow;Namysłów;Namysłowie;Automatyzacja procesów biznesowych, marketingowych i e-commerce Namysłów;Unikalne warunki współpracy przy automatyzacji procesów Twojej firmy w Namysłowie. Nasze usługi automatyzacji opierają się na uczciwych zasadach.;"<!-- wp:block {""ref"":10365} /-->"
Automatyzacja procesów biznesowych Nysa;automatyzacja-procesow-biznesowych-nysa;Nysa;Nysie;Automatyzacja procesów biznesowych, marketingowych i e-commerce Nysa;Unikalne warunki współpracy przy automatyzacji procesów Twojej firmy w Nysie. Nasze usługi automatyzacji opierają się na uczciwych zasadach.;"<!-- wp:block {""ref"":10365} /-->"
Automatyzacja procesów biznesowych Olsztyn;automatyzacja-procesow-biznesowych-olsztyn;Olsztyn;Olsztynie;Automatyzacja procesów biznesowych, marketingowych i e-commerce Olsztyn;Unikalne warunki współpracy przy automatyzacji procesów Twojej firmy w Olsztynie. Nasze usługi automatyzacji opierają się na uczciwych zasadach.;"<!-- wp:block {""ref"":10365} /-->"
Automatyzacja procesów biznesowych Opole;automatyzacja-procesow-biznesowych-opole;Opole;Opolu;Automatyzacja procesów biznesowych, marketingowych i e-commerce Opole;Unikalne warunki współpracy przy automatyzacji procesów Twojej firmy w Opolu. Nasze usługi automatyzacji opierają się na uczciwych zasadach.;"<!-- wp:block {""ref"":10365} /-->"
Automatyzacja procesów biznesowych Prudnik;automatyzacja-procesow-biznesowych-prudnik;Prudnik;Prudniku;Automatyzacja procesów biznesowych, marketingowych i e-commerce Prudnik;Unikalne warunki współpracy przy automatyzacji procesów Twojej firmy w Prudniku. Nasze usługi automatyzacji opierają się na uczciwych zasadach.;"<!-- wp:block {""ref"":10365} /-->"
Automatyzacja procesów biznesowych Rzeszów;automatyzacja-procesow-biznesowych-rzeszow;Rzeszów;Rzeszowie;Automatyzacja procesów biznesowych, marketingowych i e-commerce Rzeszów;Unikalne warunki współpracy przy automatyzacji procesów Twojej firmy w Rzeszowie. Nasze usługi automatyzacji opierają się na uczciwych zasadach.;"<!-- wp:block {""ref"":10365} /-->"
Automatyzacja procesów biznesowych Strzelce Opolskie;automatyzacja-procesow-biznesowych-strzelce-opolskie;Strzelce Opolskie;Strzelcach Opolskich;Automatyzacja procesów biznesowych, marketingowych i e-commerce Strzelce Opolskie;Unikalne warunki współpracy przy automatyzacji procesów Twojej firmy w Strzelcach Opolskich. Nasze usługi automatyzacji opierają się na uczciwych zasadach.;"<!-- wp:block {""ref"":10365} /-->"
Automatyzacja procesów biznesowych Szczecin;automatyzacja-procesow-biznesowych-szczecin;Szczecin;Szczenie;Automatyzacja procesów biznesowych, marketingowych i e-commerce Szczecin;Unikalne warunki współpracy przy automatyzacji procesów Twojej firmy w Szczenie. Nasze usługi automatyzacji opierają się na uczciwych zasadach.;"<!-- wp:block {""ref"":10365} /-->"
Automatyzacja procesów biznesowych Warszawa;automatyzacja-procesow-biznesowych-warszawa;Warszawa;Warszawie;Automatyzacja procesów biznesowych, marketingowych i e-commerce Warszawa;Unikalne warunki współpracy przy automatyzacji procesów Twojej firmy w Warszawie. Nasze usługi automatyzacji opierają się na uczciwych zasadach.;"<!-- wp:block {""ref"":10365} /-->"
Automatyzacja procesów biznesowych Wrocław;automatyzacja-procesow-biznesowych-wroclaw;Wrocław;Wrocławiu;Automatyzacja procesów biznesowych, marketingowych i e-commerce Wrocław;Unikalne warunki współpracy przy automatyzacji procesów Twojej firmy w Wrocławiu. Nasze usługi automatyzacji opierają się na uczciwych zasadach.;"<!-- wp:block {""ref"":10365} /-->"
Automatyzacja procesów biznesowych Biała Podlaska;automatyzacja-procesow-biznesowych-biala-podlaska;Biała Podlaska;Białej Podlaskiej;Automatyzacja procesów biznesowych, marketingowych i e-commerce Biała Podlaska;Unikalne warunki współpracy przy automatyzacji procesów Twojej firmy w Białej Podlaskiej. Nasze usługi automatyzacji opierają się na uczciwych zasadach.;"<!-- wp:block {""ref"":10365} /-->"
Automatyzacja procesów biznesowych Bielsko-Biała;automatyzacja-procesow-biznesowych-bielsko-biala;Bielsko-Biała;Bielsku-Białej;Automatyzacja procesów biznesowych, marketingowych i e-commerce Bielsko-Biała;Unikalne warunki współpracy przy automatyzacji procesów Twojej firmy w Bielsku-Białej. Nasze usługi automatyzacji opierają się na uczciwych zasadach.;"<!-- wp:block {""ref"":10365} /-->"
Automatyzacja procesów biznesowych Bytom;automatyzacja-procesow-biznesowych-bytom;Bytom;Bytomiu;Automatyzacja procesów biznesowych, marketingowych i e-commerce Bytom;Unikalne warunki współpracy przy automatyzacji procesów Twojej firmy w Bytomiu. Nasze usługi automatyzacji opierają się na uczciwych zasadach.;"<!-- wp:block {""ref"":10365} /-->"
Automatyzacja procesów biznesowych Chełm;automatyzacja-procesow-biznesowych-chelm;Chełm;Chełmie;Automatyzacja procesów biznesowych, marketingowych i e-commerce Chełm;Unikalne warunki współpracy przy automatyzacji procesów Twojej firmy w Chełmie. Nasze usługi automatyzacji opierają się na uczciwych zasadach.;"<!-- wp:block {""ref"":10365} /-->"
Automatyzacja procesów biznesowych Dąbrowa Górnicza;automatyzacja-procesow-biznesowych-dabrowa-gornicza;Dąbrowa Górnicza;Dąbrowie Górniczej;Automatyzacja procesów biznesowych, marketingowych i e-commerce Dąbrowa Górnicza;Unikalne warunki współpracy przy automatyzacji procesów Twojej firmy w Dąbrowie Górniczej. Nasze usługi automatyzacji opierają się na uczciwych zasadach.;"<!-- wp:block {""ref"":10365} /-->"
Automatyzacja procesów biznesowych Elbląg;automatyzacja-procesow-biznesowych-elblag;Elbląg;Elblągu;Automatyzacja procesów biznesowych, marketingowych i e-commerce Elbląg;Unikalne warunki współpracy przy automatyzacji procesów Twojej firmy w Elblągu. Nasze usługi automatyzacji opierają się na uczciwych zasadach.;"<!-- wp:block {""ref"":10365} /-->"
Automatyzacja procesów biznesowych Gdynia;automatyzacja-procesow-biznesowych-gdynia;Gdynia;Gdyni;Automatyzacja procesów biznesowych, marketingowych i e-commerce Gdynia;Unikalne warunki współpracy przy automatyzacji procesów Twojej firmy w Gdyni. Nasze usługi automatyzacji opierają się na uczciwych zasadach.;"<!-- wp:block {""ref"":10365} /-->"
Automatyzacja procesów biznesowych Gliwice;automatyzacja-procesow-biznesowych-gliwice;Gliwice;Gliwicach;Automatyzacja procesów biznesowych, marketingowych i e-commerce Gliwice;Unikalne warunki współpracy przy automatyzacji procesów Twojej firmy w Gliwicach. Nasze usługi automatyzacji opierają się na uczciwych zasadach.;"<!-- wp:block {""ref"":10365} /-->"
Automatyzacja procesów biznesowych Gorzów Wielkopolski;automatyzacja-procesow-biznesowych-gorzow-wielkopolski;Gorzów Wielkopolski;Gorzowie Wielkopolskim;Automatyzacja procesów biznesowych, marketingowych i e-commerce Gorzów Wielkopolski;Unikalne warunki współpracy przy automatyzacji procesów Twojej firmy w Gorzowie Wielkopolskim. Nasze usługi automatyzacji opierają się na uczciwych zasadach.;"<!-- wp:block {""ref"":10365} /-->"
Automatyzacja procesów biznesowych Grudziądz;automatyzacja-procesow-biznesowych-grudziadz;Grudziądz;Grudziądzu;Automatyzacja procesów biznesowych, marketingowych i e-commerce Grudziądz;Unikalne warunki współpracy przy automatyzacji procesów Twojej firmy w Grudziądzu. Nasze usługi automatyzacji opierają się na uczciwych zasadach.;"<!-- wp:block {""ref"":10365} /-->"
Automatyzacja procesów biznesowych Jelenia Góra;automatyzacja-procesow-biznesowych-jelenia-gora;Jelenia Góra;Jeleniej Górze;Automatyzacja procesów biznesowych, marketingowych i e-commerce Jelenia Góra;Unikalne warunki współpracy przy automatyzacji procesów Twojej firmy w Jeleniej Górze. Nasze usługi automatyzacji opierają się na uczciwych zasadach.;"<!-- wp:block {""ref"":10365} /-->"
Automatyzacja procesów biznesowych Jaworzno;automatyzacja-procesow-biznesowych-jaworzno;Jaworzno;Jaworznie;Automatyzacja procesów biznesowych, marketingowych i e-commerce Jaworzno;Unikalne warunki współpracy przy automatyzacji procesów Twojej firmy w Jaworznie. Nasze usługi automatyzacji opierają się na uczciwych zasadach.;"<!-- wp:block {""ref"":10365} /-->"
Automatyzacja procesów biznesowych Kalisz;automatyzacja-procesow-biznesowych-kalisz;Kalisz;Kaliszu;Automatyzacja procesów biznesowych, marketingowych i e-commerce Kalisz;Unikalne warunki współpracy przy automatyzacji procesów Twojej firmy w Kaliszu. Nasze usługi automatyzacji opierają się na uczciwych zasadach.;"<!-- wp:block {""ref"":10365} /-->"
Automatyzacja procesów biznesowych Konin;automatyzacja-procesow-biznesowych-konin;Konin;Koninie;Automatyzacja procesów biznesowych, marketingowych i e-commerce Konin;Unikalne warunki współpracy przy automatyzacji procesów Twojej firmy w Koninie. Nasze usługi automatyzacji opierają się na uczciwych zasadach.;"<!-- wp:block {""ref"":10365} /-->"
Automatyzacja procesów biznesowych Koszalin;automatyzacja-procesow-biznesowych-koszalin;Koszalin;Koszalinie;Automatyzacja procesów biznesowych, marketingowych i e-commerce Koszalin;Unikalne warunki współpracy przy automatyzacji procesów Twojej firmy w Koszalinie. Nasze usługi automatyzacji opierają się na uczciwych zasadach.;"<!-- wp:block {""ref"":10365} /-->"
Automatyzacja procesów biznesowych Legnica;automatyzacja-procesow-biznesowych-legnica;Legnica;Legnicy;Automatyzacja procesów biznesowych, marketingowych i e-commerce Legnica;Unikalne warunki współpracy przy automatyzacji procesów Twojej firmy w Legnicy. Nasze usługi automatyzacji opierają się na uczciwych zasadach.;"<!-- wp:block {""ref"":10365} /-->"
Automatyzacja procesów biznesowych Leszno;automatyzacja-procesow-biznesowych-leszno;Leszno;Lesznie;Automatyzacja procesów biznesowych, marketingowych i e-commerce Leszno;Unikalne warunki współpracy przy automatyzacji procesów Twojej firmy w Lesznie. Nasze usługi automatyzacji opierają się na uczciwych zasadach.;"<!-- wp:block {""ref"":10365} /-->"
Automatyzacja procesów biznesowych Łomża;automatyzacja-procesow-biznesowych-lomza;Łomża;Łomży;Automatyzacja procesów biznesowych, marketingowych i e-commerce Łomża;Unikalne warunki współpracy przy automatyzacji procesów Twojej firmy w Łomży. Nasze usługi automatyzacji opierają się na uczciwych zasadach.;"<!-- wp:block {""ref"":10365} /-->"
Automatyzacja procesów biznesowych Mysłowice;automatyzacja-procesow-biznesowych-myslowice;Mysłowice;Mysłowicach;Automatyzacja procesów biznesowych, marketingowych i e-commerce Mysłowice;Unikalne warunki współpracy przy automatyzacji procesów Twojej firmy w Mysłowicach. Nasze usługi automatyzacji opierają się na uczciwych zasadach.;"<!-- wp:block {""ref"":10365} /-->"
Automatyzacja procesów biznesowych Nowy Sącz;automatyzacja-procesow-biznesowych-nowy-sacz;Nowy Sącz;Nowym Sączu;Automatyzacja procesów biznesowych, marketingowych i e-commerce Nowy Sącz;Unikalne warunki współpracy przy automatyzacji procesów Twojej firmy w Nowym Sączu. Nasze usługi automatyzacji opierają się na uczciwych zasadach.;"<!-- wp:block {""ref"":10365} /-->"
Automatyzacja procesów biznesowych Ostrołęka;automatyzacja-procesow-biznesowych-ostroleka;Ostrołęka;Ostrołęce;Automatyzacja procesów biznesowych, marketingowych i e-commerce Ostrołęka;Unikalne warunki współpracy przy automatyzacji procesów Twojej firmy w Ostrołęce. Nasze usługi automatyzacji opierają się na uczciwych zasadach.;"<!-- wp:block {""ref"":10365} /-->"
Automatyzacja procesów biznesowych Piła;automatyzacja-procesow-biznesowych-pila;Piła;Pile;Automatyzacja procesów biznesowych, marketingowych i e-commerce Piła;Unikalne warunki współpracy przy automatyzacji procesów Twojej firmy w Pile. Nasze usługi automatyzacji opierają się na uczciwych zasadach.;"<!-- wp:block {""ref"":10365} /-->"
Automatyzacja procesów biznesowych Piotrków Trybunalski;automatyzacja-procesow-biznesowych-piotrkow-trybunalski;Piotrków Trybunalski;Piotrkowie Trybunalskim;Automatyzacja procesów biznesowych, marketingowych i e-commerce Piotrków Trybunalski;Unikalne warunki współpracy przy automatyzacji procesów Twojej firmy w Piotrkowie Trybunalskim. Nasze usługi automatyzacji opierają się na uczciwych zasadach.;"<!-- wp:block {""ref"":10365} /-->"
Automatyzacja procesów biznesowych Płock;automatyzacja-procesow-biznesowych-plock;Płock;Płocku;Automatyzacja procesów biznesowych, marketingowych i e-commerce Płock;Unikalne warunki współpracy przy automatyzacji procesów Twojej firmy w Płocku. Nasze usługi automatyzacji opierają się na uczciwych zasadach.;"<!-- wp:block {""ref"":10365} /-->"
Automatyzacja procesów biznesowych Przemyśl;automatyzacja-procesow-biznesowych-przemysl;Przemyśl;Przemyślu;Automatyzacja procesów biznesowych, marketingowych i e-commerce Przemyśl;Unikalne warunki współpracy przy automatyzacji procesów Twojej firmy w Przemyślu. Nasze usługi automatyzacji opierają się na uczciwych zasadach.;"<!-- wp:block {""ref"":10365} /-->"
Automatyzacja procesów biznesowych Radom;automatyzacja-procesow-biznesowych-radom;Radom;Radomiu;Automatyzacja procesów biznesowych, marketingowych i e-commerce Radom;Unikalne warunki współpracy przy automatyzacji procesów Twojej firmy w Radomiu. Nasze usługi automatyzacji opierają się na uczciwych zasadach.;"<!-- wp:block {""ref"":10365} /-->"
Automatyzacja procesów biznesowych Ruda Śląska;automatyzacja-procesow-biznesowych-ruda-slaska;Ruda Śląska;Rudzie Śląskiej;Automatyzacja procesów biznesowych, marketingowych i e-commerce Ruda Śląska;Unikalne warunki współpracy przy automatyzacji procesów Twojej firmy w Rudzie Śląskiej. Nasze usługi automatyzacji opierają się na uczciwych zasadach.;"<!-- wp:block {""ref"":10365} /-->"
Automatyzacja procesów biznesowych Rybnik;automatyzacja-procesow-biznesowych-rybnik;Rybnik;Rybniku;Automatyzacja procesów biznesowych, marketingowych i e-commerce Rybnik;Unikalne warunki współpracy przy automatyzacji procesów Twojej firmy w Rybniku. Nasze usługi automatyzacji opierają się na uczciwych zasadach.;"<!-- wp:block {""ref"":10365} /-->"
Automatyzacja procesów biznesowych Siedlce;automatyzacja-procesow-biznesowych-siedlce;Siedlce;Siedlcach;Automatyzacja procesów biznesowych, marketingowych i e-commerce Siedlce;Unikalne warunki współpracy przy automatyzacji procesów Twojej firmy w Siedlcach. Nasze usługi automatyzacji opierają się na uczciwych zasadach.;"<!-- wp:block {""ref"":10365} /-->"
Automatyzacja procesów biznesowych Sieradz;automatyzacja-procesow-biznesowych-sieradz;Sieradz;Sieradzu;Automatyzacja procesów biznesowych, marketingowych i e-commerce Sieradz;Unikalne warunki współpracy przy automatyzacji procesów Twojej firmy w Sieradzu. Nasze usługi automatyzacji opierają się na uczciwych zasadach.;"<!-- wp:block {""ref"":10365} /-->"
Automatyzacja procesów biznesowych Słupsk;automatyzacja-procesow-biznesowych-slupsk;Słupsk;Słupsku;Automatyzacja procesów biznesowych, marketingowych i e-commerce Słupsk;Unikalne warunki współpracy przy automatyzacji procesów Twojej firmy w Słupsku. Nasze usługi automatyzacji opierają się na uczciwych zasadach.;"<!-- wp:block {""ref"":10365} /-->"
Automatyzacja procesów biznesowych Sosnowiec;automatyzacja-procesow-biznesowych-sosnowiec;Sosnowiec;Sosnowcu;Automatyzacja procesów biznesowych, marketingowych i e-commerce Sosnowiec;Unikalne warunki współpracy przy automatyzacji procesów Twojej firmy w Sosnowcu. Nasze usługi automatyzacji opierają się na uczciwych zasadach.;"<!-- wp:block {""ref"":10365} /-->"
Automatyzacja procesów biznesowych Suwałki;automatyzacja-procesow-biznesowych-suwalki;Suwałki;Suwałkach;Automatyzacja procesów biznesowych, marketingowych i e-commerce Suwałki;Unikalne warunki współpracy przy automatyzacji procesów Twojej firmy w Suwałkach. Nasze usługi automatyzacji opierają się na uczciwych zasadach.;"<!-- wp:block {""ref"":10365} /-->"
Automatyzacja procesów biznesowych Świętochłowice;automatyzacja-procesow-biznesowych-swietochlowice;Świętochłowice;Świętochłowicach;Automatyzacja procesów biznesowych, marketingowych i e-commerce Świętochłowice;Unikalne warunki współpracy przy automatyzacji procesów Twojej firmy w Świętochłowicach. Nasze usługi automatyzacji opierają się na uczciwych zasadach.;"<!-- wp:block {""ref"":10365} /-->"
Automatyzacja procesów biznesowych Tarnobrzeg;automatyzacja-procesow-biznesowych-tarnobrzeg;Tarnobrzeg;Tarnobrzegu;Automatyzacja procesów biznesowych, marketingowych i e-commerce Tarnobrzeg;Unikalne warunki współpracy przy automatyzacji procesów Twojej firmy w Tarnobrzegu. Nasze usługi automatyzacji opierają się na uczciwych zasadach.;"<!-- wp:block {""ref"":10365} /-->"
Automatyzacja procesów biznesowych Tarnowskie Góry;automatyzacja-procesow-biznesowych-tarnowskie-gory;Tarnowskie Góry;Tarnowskich Górach;Automatyzacja procesów biznesowych, marketingowych i e-commerce Tarnowskie Góry;Unikalne warunki współpracy przy automatyzacji procesów Twojej firmy w Tarnowskich Górach. Nasze usługi automatyzacji opierają się na uczciwych zasadach.;"<!-- wp:block {""ref"":10365} /-->"
Automatyzacja procesów biznesowych Tarnów;automatyzacja-procesow-biznesowych-tarnow;Tarnów;Tarnowie;Automatyzacja procesów biznesowych, marketingowych i e-commerce Tarnów;Unikalne warunki współpracy przy automatyzacji procesów Twojej firmy w Tarnowie. Nasze usługi automatyzacji opierają się na uczciwych zasadach.;"<!-- wp:block {""ref"":10365} /-->"
Automatyzacja procesów biznesowych Toruń;automatyzacja-procesow-biznesowych-torun;Toruń;Toruniu;Automatyzacja procesów biznesowych, marketingowych i e-commerce Toruń;Unikalne warunki współpracy przy automatyzacji procesów Twojej firmy w Toruniu. Nasze usługi automatyzacji opierają się na uczciwych zasadach.;"<!-- wp:block {""ref"":10365} /-->"
Automatyzacja procesów biznesowych Tychy;automatyzacja-procesow-biznesowych-tychy;Tychy;Tychach;Automatyzacja procesów biznesowych, marketingowych i e-commerce Tychy;Unikalne warunki współpracy przy automatyzacji procesów Twojej firmy w Tychach. Nasze usługi automatyzacji opierają się na uczciwych zasadach.;"<!-- wp:block {""ref"":10365} /-->"
Automatyzacja procesów biznesowych Włocławek;automatyzacja-procesow-biznesowych-wloclawek;Włocławek;Włocławku;Automatyzacja procesów biznesowych, marketingowych i e-commerce Włocławek;Unikalne warunki współpracy przy automatyzacji procesów Twojej firmy w Włocławku. Nasze usługi automatyzacji opierają się na uczciwych zasadach.;"<!-- wp:block {""ref"":10365} /-->"
Automatyzacja procesów biznesowych Zabrze;automatyzacja-procesow-biznesowych-zabrze;Zabrze;Zabrzu;Automatyzacja procesów biznesowych, marketingowych i e-commerce Zabrze;Unikalne warunki współpracy przy automatyzacji procesów Twojej firmy w Zabrzu. Nasze usługi automatyzacji opierają się na uczciwych zasadach.;"<!-- wp:block {""ref"":10365} /-->"
Automatyzacja procesów biznesowych Zamość;automatyzacja-procesow-biznesowych-zamosc;Zamość;Zamościu;Automatyzacja procesów biznesowych, marketingowych i e-commerce Zamość;Unikalne warunki współpracy przy automatyzacji procesów Twojej firmy w Zamościu. Nasze usługi automatyzacji opierają się na uczciwych zasadach.;"<!-- wp:block {""ref"":10365} /-->"
Automatyzacja procesów biznesowych Zielona Góra;automatyzacja-procesow-biznesowych-zielona-gora;Zielona Góra;Zielonej Górze;Automatyzacja procesów biznesowych, marketingowych i e-commerce Zielona Góra;Unikalne warunki współpracy przy automatyzacji procesów Twojej firmy w Zielonej Górze. Nasze usługi automatyzacji opierają się na uczciwych zasadach.;"<!-- wp:block {""ref"":10365} /-->"
Automatyzacja procesów biznesowych Świnoujście;automatyzacja-procesow-biznesowych-swinoujscie;Świnoujście;Świnoujściu;Automatyzacja procesów biznesowych, marketingowych i e-commerce Świnoujście;Unikalne warunki współpracy przy automatyzacji procesów Twojej firmy w Świnoujściu. Nasze usługi automatyzacji opierają się na uczciwych zasadach.;"<!-- wp:block {""ref"":10365} /-->"
Automatyzacja procesów biznesowych Skierniewice;automatyzacja-procesow-biznesowych-skierniewice;Skierniewice;Skierniewicach;Automatyzacja procesów biznesowych, marketingowych i e-commerce Skierniewice;Unikalne warunki współpracy przy automatyzacji procesów Twojej firmy w Skierniewicach. Nasze usługi automatyzacji opierają się na uczciwych zasadach.;"<!-- wp:block {""ref"":10365} /-->"
Automatyzacja procesów biznesowych Chorzów;automatyzacja-procesow-biznesowych-chorzow;Chorzów;Chorzowie;Automatyzacja procesów biznesowych, marketingowych i e-commerce Chorzów;Unikalne warunki współpracy przy automatyzacji procesów Twojej firmy w Chorzowie. Nasze usługi automatyzacji opierają się na uczciwych zasadach.;"<!-- wp:block {""ref"":10365} /-->"
Automatyzacja procesów biznesowych Sopot;automatyzacja-procesow-biznesowych-sopot;Sopot;Sopocie;Automatyzacja procesów biznesowych, marketingowych i e-commerce Sopot;Unikalne warunki współpracy przy automatyzacji procesów Twojej firmy w Sopocie. Nasze usługi automatyzacji opierają się na uczciwych zasadach.;"<!-- wp:block {""ref"":10365} /-->"
Automatyzacja procesów biznesowych Białystok;automatyzacja-procesow-biznesowych-bialystok;Białystok;Białymstoku;Automatyzacja procesów biznesowych, marketingowych i e-commerce Białystok;Unikalne warunki współpracy przy automatyzacji procesów Twojej firmy w Białymstoku. Nasze usługi automatyzacji opierają się na uczciwych zasadach.;"<!-- wp:block {""ref"":10365} /-->"
